{"cameraMode":{"drawMode":0,"name":"Shaded","section":"Shading Mode"},"sceneLighting":true,"audioPlay":false,"sceneViewState":{"m_AlwaysRefresh":false,"showFog":true,"showSkybox":true,"showFlares":true,"showImageEffects":true,"showParticleSystems":true,"showVisualEffectGraphs":true,"m_FxEnabled":true},"in2DMode":false,"pivot":{"x":16.019634246826173,"y":-3.8230514526367189,"z":48.702239990234378},"rotation":{"x":0.24583351612091065,"y":-0.42177048325538638,"z":0.11992736905813217,"w":0.8644953966140747},"size":33.68717575073242,"orthographic":false}