{"cameraMode":{"drawMode":0,"name":"Shaded","section":"Shading Mode"},"sceneLighting":false,"audioPlay":false,"sceneViewState":{"m_AlwaysRefresh":false,"showFog":true,"showSkybox":false,"showFlares":true,"showImageEffects":true,"showParticleSystems":true,"showVisualEffectGraphs":true,"m_FxEnabled":true},"in2DMode":false,"pivot":{"x":417.02496337890627,"y":149.39950561523438,"z":-9.235398292541504},"rotation":{"x":0.055861227214336398,"y":-0.6713505983352661,"z":0.050837647169828418,"w":0.7373214364051819},"size":2.383446216583252,"orthographic":false}